ID,Post Title,Post Name,Type,Singular,First Letter,Years,Year
1562,ROLAND BAILLY FOUNDATION,roland-bailly-foundation-2,Individual,1,f,2018,2018
1533,CHUV,chuv-3,Organisation,1,,2018;2019;2020,2018
1740,WYSS CENTER FOR BIO AND NEUROENGINEERING,wyss-center-for-bio-and-neuroengineering-2,Organisation,1,,2018;2019;2020,2018
1739,WINGS FOR LIFE SPINAL CORD RESEARCH FOUNDATION,wings-for-life-spinal-cord-research-foundation-2,Organisation,1,,2018;2019;2020,2018
1738,WERNER SIEMENS-STIFTUNG,werner-siemens-stiftung-2,Organisation,1,,2018;2019;2020,2018
1737,VILLE DE VERNIER,ville-de-vernier-2,Organisation,1,,2018;2019;2020,2018
1734,VILLE D'ONEX,ville-donex-2,Organisation,1,,2018;2019;2020,2018
1736,"VILLE DE LAUSANNE, DIRECTION DES FINANCES ET DE LA MOBILITÉ",ville-de-lausanne-direction-des-finances-et-de-la-mobilite-2,Organisation,1,,2018,2018
1735,VILLE DE LANCY,ville-de-lancy-2,Organisation,1,,2018;2019;2020,2018
1733,VELUX STIFTUNG,velux-stiftung-2,Organisation,1,,2018;2019;2020,2018
1732,UPC SWITZERLAND LLC,upc-switzerland-llc,Organisation,1,,2018;2019;2020,2018
1731,UNIRESO,unireso-2,Organisation,1,,2018,2018
1730,SWISSQUOTE BANK LTD,swissquote-bank-ltd,Organisation,1,,2018;2019;2020,2018
1729,SWISS BIOBANKING PLATFORM (SBP),swiss-biobanking-platform-sbp-2,Organisation,1,,2018;2019,2018
1728,SPART,spart-2,Organisation,1,,2018,2018
1727,SWISS MULTIPLE SCLEROSIS SOCIETY (MS),swiss-multiple-sclerosis-society-ms,Organisation,1,,2018,2018
1720,SOCIÉTÉ ACADÉMIQUE VAUDOISE,societe-academique-vaudoise-2,Organisation,1,,2018;2019,2018
1718,SICPA SA,sicpa-sa-2,Organisation,1,,2018;2019;2020,2018
1719,ROTARY CLUB GENÈVE INTERNATIONAL,rotary-club-geneve-international-2,Organisation,1,,2018,2018
1717,ROLEX SA,rolex-sa-2,Organisation,1,,2018;2019;2020,2018
1716,RICHEMONT INTERNATIONAL SA,richemont-international-sa-2,Organisation,1,,2018;2019;2020,2018
1715,PX GROUP SA,px-group-sa-2,Organisation,1,,2018;2019;2020,2018
1700,PETROSVIBRI SA,petrosvibri-sa-2,Organisation,1,,2018;2019;2020,2018
1699,PATEK PHILIPPE SA,patek-philippe-sa-2,Organisation,1,,2018;2019;2020,2018
1698,PARKINSON SCHWEIZ,parkinson-schweiz,Organisation,1,,2018,2018
1697,NOVARTIS,novartis-2,Organisation,1,,2018;2019;2020,2018
1696,NESTLÉ SA,nestle-sa-2,Organisation,1,,2018;2019;2020,2018
1695,NCCR-SWISSMAP,nccr-swissmap-2,Organisation,1,,2018,2018
1694,SWISS MOBILIAR COOPERATIVE COMPANY,swiss-mobiliar-cooperative-company,Organisation,1,,2018;2019;2020,2018
1693,METALLICA,metallica-2,Organisation,1,,2018,2018
1692,MERCK,merck-2,Organisation,1,,2018;2019;2020,2018
1690,MEDTRONIC EUROPE SÀRL,medtronic-europe-sarl-2,Organisation,1,,2018;2019;2020,2018
1689,LOTERIE ROMANDE,loterie-romande-2,Organisation,1,,2018;2019;2020,2018
1688,LOGITECH,logitech-2,Organisation,1,,2018;2019;2020,2018
1691,SWISS POST,swiss-post,Organisation,1,,2018;2019;2020,2018
1687,KRISTIAN GERHARD JEBSEN FOUNDATION,kristian-gerhard-jebsen-foundation-2,Organisation,1,,2018;2019;2020,2018
1678,"HGST, A WESTERN DIGITAL BRAND",hgst-a-western-digital-brand-2,Organisation,1,,2018;2019;2020,2018
1677,GOVERNMENT OF RAS AL KHAIMAH,government-of-ras-al-khaimah-2,Organisation,1,,2018;2019;2020,2018
1676,GAZNAT SA,1676,Organisation,1,,2018;2019;2020,2018
1685,PIERRE-FRANÇOIS VITTONE FUND,pierre-francois-vittone-fund,Organisation,1,,2018;2019;2020,2018
1675,SWISS NATIONAL SCIENCE FOUNDATION,swiss-national-science-foundation,Organisation,1,F,2018;2019;2020,2018
1674,ZDENEK ET MICHAELA BAKALA FOUNDATION,zdenek-et-michaela-bakala-foundation,Organisation,1,,2018;2019;2020,2018
1673,VAHABZADEH FOUNDATION,vahabzadeh-foundation,Organisation,1,,2018;2019;2020,2018
1665,SYNAPSIS FOUNDATION,synapsis-foundation,Organisation,1,,2018;2019;2020,2018
1664,SWISSUP FOUNDATION,swissup-foundation,Organisation,1,,2018;2019;2020,2018
1663,FONDATION SUISSE DE RECHERCHE SUR LES MALADIES MUSCULAIRES,fondation-suisse-de-recherche-sur-les-maladies-musculaires-3,Organisation,1,,2018;2019;2020,2018
1662,SIMPLYSCIENCE FOUNDATION,simplyscience-foundation,Organisation,1,,2018;2019;2020,2018
1661,SIMONS FOUNDATION,simons-foundation-2,Organisation,1,F,2018;2019;2020,2018
1659,"SCS FOUNDATION, ALFRED WERNER FUND",scs-foundation-alfred-werner-fund,Organisation,1,F,2018,2018
1660,SANDOZ FAMILY FOUNDATION,sandoz-family-foundation,Organisation,1,,2018;2019;2020,2018
1651,SAN SALVATORE FOUNDATION,san-salvatore-foundation,Organisation,1,,2018;2019;2020,2018
1650,FONDATION S.A.N.T.E – AIDE AU SOUTIEN DES NOUVELLES THÉRAPIES,fondation-s-a-n-t-e-aide-au-soutien-des-nouvelles-therapies-2,Organisation,1,,2018,2018
1649,"FONDAZIONE TEOFIILO ROSSI DI MONTELERA E DI PREMUDA AND A FOUNDATION THAT WISHES TO REMAIN ANONYMOUS, BOTH OF WHICH WERE ADVISED BY CARIGEST SA",fondazione-teofiilo-rossi-di-montelera-e-di-premuda-and-a-foundation-that-wishes-to-remain-anonymous-both-of-which-were-advised-by-carigest-sa,Organisation,1,,2018;2019,2018
1648,CHARLES RAPIN FOUNDATION,charles-rapin-foundation,Organisation,1,,2018;2019;2020,2018
1647,PROTECHNO FOUNDATION,protechno-foundation,Organisation,1,,2018;2019;2020,2018
1646,PRO VISU FOUNDATION,pro-visu-foundation,Organisation,1,,2018;2019;2020,2018
1636,"PRIVATE FOUNDATION, GENEVA",private-foundation-geneva,Organisation,1,,2018;2019;2020,2018
1635,PPG FOUNDATION,ppg-foundation,Organisation,1,,2018;2019,2018
1634,FIT (FOUNDATION FOR TECHNOLOGICAL INNOVATION),fit-foundation-for-technological-innovation,Organisation,1,,2018,2018
1633,NOVARTIS FOUNDATION FOR MEDICAL-BIOLOGICAL RESEARCH,novartis-foundation-for-medical-biological-research,Organisation,1,F,2018,2018
1632,NEVA FOUNDATION,neva-foundation,Organisation,1,,2018,2018
1631,FONDATION EMMA MUSCHAMP,fondation-emma-muschamp-3,Organisation,1,,2018;2019;2020,2018
1613,MGO FONDATION POUR LA RECHERCHE SUR LES MALADIES GÉNÉTIQUES ET ORPHELINES,mgo-fondation-pour-la-recherche-sur-les-maladies-genetiques-et-orphelines-2,Organisation,1,F,2018;2019;2020,2018
1612,FONDATION PIERRE MERCIER POUR LA SCIENCE,fondation-pierre-mercier-pour-la-science-2,Organisation,1,,2018;2019;2020,2018
1611,MCCALL MACBAIN FOUNDATION,mccall-macbain-foundation-2,Organisation,1,F,2018;2019;2020,2018
1610,FONDATION LOMBARD ODIER,fondation-lombard-odier-2,Organisation,1,,2018;2019;2020,2018
1609,FONDATION MARCEL LEVAILLANT,fondation-marcel-levaillant-2,Organisation,1,,2018;2019;2020,2018
1608,LEISTER FOUNDATION,leister-foundation,Organisation,1,,2018;2019;2020,2018
1607,LEENAARDS FOUNDATION,leenaards-foundation,Organisation,1,,2018;2019;2020,2018
1606,FONDATION ORLANDO LAUTI,fondation-orlando-lauti-2,Organisation,1,,2018;2019;2020,2018
1605,STAUB KAISER STIFTUNG,staub-kaiser-stiftung-2,Organisation,1,F,2018;2019,2018
1604,ISREC FOUNDATION,isrec-foundation,Organisation,1,,2018;2019;2020,2018
1603,INTERNATIONAL FOUNDATION FOR RESEARCH IN PARAPLEGIA (IRP),international-foundation-for-research-in-paraplegia-irp,Organisation,1,,2018;2019,2018
1602,HASLER FOUNDATION,hasler-foundation,Organisation,1,,2018;2019;2020,2018
1601,RODOLPHE ET RENÉE HAENNY FOUNDATION,rodolphe-et-renee-haenny-foundation,Organisation,1,,2018;2019;2020,2018
1600,LUCE GRIVAT FOUNDATION,luce-grivat-foundation,Organisation,1,,2018,2018
1596,ERNST GÖHNER FOUNDATION,ernst-gohner-foundation,Organisation,1,,2018;2019;2020,2018
1595,GIVEKA FOUNDATION,giveka-foundation,Organisation,1,,2018;2019;2020,2018
1594,GABRIELLA GIORGI-CAVAGLIERI FOUNDATION,gabriella-giorgi-cavaglieri-foundation,Organisation,1,,2018;2019;2020,2018
1577,FORCE FONDATION RECHERCHE SUR LE CANCER DE L'ENFANT,force-fondation-recherche-sur-le-cancer-de-lenfant-2,Organisation,1,,2018,2018
1576,FONDATION RAOUL FOLLEREAU,fondation-raoul-follereau-2,Organisation,1,,2018,2018
1573,EUROPEANA FOUNDATION,europeana-foundation,Individual,1,,2018,2018
1574,FONDATION POUR LES ÉTUDIANTS DE L’EPFL – FEE ,fondation-pour-les-etudiants-de-lepfl-fee-2,Organisation,1,,2018;2019;2020,2018
1575,FONDATION DIVESA,fondation-divesa-2,Organisation,1,,2018,2018
1572,DR HENRI DUBOIS-FERRIÈRE DINU LIPATTI FOUNDATION,dr-henri-dubois-ferriere-dinu-lipatti-foundation,Organisation,1,,2018;2019,2018
1552,FONDATION COROMANDEL,fondation-coromandel-2,Organisation,1,,2018;2019;2020,2018
1582,DEFITECH FOUNDATION,defitech-foundation,Organisation,1,,2018;2019;2020,2018
1551,CLAUDE NOBS FOUNDATION,claude-nobs-foundation,,1,,2018;2019;2020,2018
1570,EDMOND DE ROTHSCHILD FOUNDATIONS,edmond-de-rothschild-foundations,Organisation,1,,2018;2019,2018
1550,CHERCHER ET TROUVER FOUNDATION,chercher-et-trouver-foundation,Organisation,1,,2018;2019;2020,2018
1569,CVCI FOUNDATION,cvci-foundation,Organisation,1,,2018;2019,2018
1549,FONDATION JACQUELINE BEYTOUT,fondation-jacqueline-beytout-2,Organisation,1,,2018;2019;2020,2018
1548,BERTARELLI FOUNDATION,bertarelli-foundation,Organisation,1,,2018;2019;2020,2018
1547,ROLAND BAILLY FOUNDATION,roland-bailly-foundation,Organisation,1,,2018;2019;2020,2018
1546,FOND’ACTION CONTRE LE CANCER,fondaction-contre-le-cancer-2,Organisation,1,,2018;2019;2020,2018
1544,FISCHER CONNECTORS,fischer-connectors-2,Organisation,1,,2018;2019;2020,2018
1545,FIRMENICH SA,firmenich-sa-2,Organisation,1,,2018;2019;2020,2018
1543,FERRING INTERNATIONAL CENTER SA,ferring-international-center-sa-2,Organisation,1,,2018;2019;2020,2018
1542,DFINITY FOUNDATION,dfinity-foundation,Organisation,1,,2018,2018
1537,CREDIT SUISSE (SUISSE) SA,credit-suisse-suisse-sa-2,Organisation,1,,2018;2019;2020,2018
1536,CONSTELLIUM,constellium-2,Organisation,1,,2018,2018
1535,SWISS CONFEDERATION,swiss-confederation,Organisation,1,,2018;2019;2020,2018
1528,INTERNATIONAL COMMITTEE OF RED CROSS,international-committee-of-red-cross,Organisation,1,,2018;2019;2020,2018
1525,CA TECHNOLOGIES,ca-technologies-2,Organisation,1,,2018,2018
1523,"BOEHRINGER INGELHEIM FONDS, FOUNDATION FOR BASIC RESEARCH IN MEDICINE",boehringer-ingelheim-fonds-foundation-for-basic-research-in-medicine,Organisation,1,,2018;2019;2020,2018
1521,BASIL PANZER TRUST,basil-panzer-trust-2,Organisation,1,,2018;2019;2020,2018
1519,BANQUE CANTONALE VAUDOISE,banque-cantonale-vaudoise-2,Organisation,1,,2018;2019;2020,2018
1517,AXA RESEARCH FUND,axa-research-fund-2,Organisation,1,,2018;2019;2020,2018
1515,AUDEMARS PIGUET,audemars-piguet-2,Organisation,1,,2018;2019;2020,2018
1512,ASSOCIATION TOURISTIQUE « PORTE DES ALPES »,association-touristique-porte-des-alpes-2,Organisation,1,,2018,2018
1510,ASSOCIATION SUISSE ROMANDE INTERVENANT CONTRE LES MALADIES NEURO-MUSCULAIRES,association-suisse-romande-intervenant-contre-les-maladies-neuro-musculaires-2,Organisation,1,,2018;2019;2020,2018
1508,ASSOCIATION LIBRE D’AIDE A LA RECHERCHE SUR LA MOELLE EPINIERE,association-libre-daide-a-la-recherche-sur-la-moelle-epiniere-2,Organisation,1,,2018;2019;2020,2018
1506,ANIMALFREE RESEARCH,animalfree-research-2,Organisation,1,,2018,2018
1504,ABB SUISSE SA,abb-suisse-sa-2,Organisation,1,,2018;2019;2020,2018
1501,MR. THIERRY PLOJOUX,mr-thierry-plojoux,Individual,1,P,2018,2018
1499,THE PARENTS OF EULER COURSE STUDENTS,the-parents-of-euler-course-students,Individual,,E,2018;2019;2020,2018
1490,"MR. JEAN-FRANÇOIS LOUDE, HONORARY PROFESSOR",mr-jean-francois-loude-honorary-professor,Individual,1,L,2018;2019;2020,2018
1489,FRANCE AND THIERRY LOMBARD,france-and-thierry-lombard,Individual,,L,2018;2019;2020,2018
1488,M. JEAN LEBEL SR,m-jean-lebel-sr-2,Individual,1,L,2018;2019;2020,2018
1487,MR. CLAUDE LATOUR,mr-claude-latour,Individual,1,L,2018;2019;2020,2018
1486,"MRS. CATHERINE LABOUCHÈRE, REPRESENTING A GROUP OF DONORS",mrs-catherine-labouchere-representing-a-group-of-donors,Individual,1,L,2018;2019;2020,2018
1485,DR. JULIA JACOBI,dr-julia-jacobi-2,Individual,1,J,2018;2019;2020,2018
1482,ANDRÉ AND ROSALIE HOFFMANN,andre-and-rosalie-hoffmann,Individual,,H,2018;2019,2018
1480,GILBERT HAUSMANN AWARD,gilbert-hausmann-award,Individual,1,G,2018;2019;2020,2018
1476,MR. JACQUES DE SAUSSURE AND MRS. IMAN MAKKI DE SAUSSURE,mr-jacques-de-saussure-and-mrs-iman-makki-de-saussure,Individual,,S,2018;2019;2020,2018
3364,YouTube LLC,youtube-llc-2,Organisation,1,,2019,2019
3361,VMWARE,vmware-2,Organisation,1,,2019;2020,2019
3358,University Industry Research Corporation,university-industry-research-corporation-2,Organisation,1,,2019,2019
3355,Union des Transports Publics,union-des-transports-publics-2,Organisation,1,,2019;2020,2019
3351,The United Mitochondrial Disease Foundation,the-united-mitochondrial-disease-foundation-2,Organisation,1,U,2019,2019
3348,The International Human Frontier Science Program Organization (HFSPO),the-international-human-frontier-science-program-organization-hfspo-2,Organisation,1,I,2019;2020,2019
3345,The Anna Fuller Fund,the-anna-fuller-fund-2,Organisation,1,A,2019;2020,2019
3334,swissnuclear,swissnuclear-2,Organisation,1,,2019,2019
3330,Swiss Polar Foundation,swiss-polar-foundation-2,Organisation,1,,2019;2020,2019
3327,SWISS FONDATION FOR INNOVATION AND TRAINING IN SURGERY,swiss-fondation-for-innovation-and-training-in-surgery-2,Organisation,1,,2019;2020,2019
3324,SWISS CANCER RESEARCH,swiss-cancer-research-2,Organisation,1,,2019;2020,2019
3321,Swiss Bridge Foundation,swiss-bridge-foundation-2,Organisation,1,,2019;2020,2019
3318,Stiftelsen Cancera,stiftelsen-cancera-2,Organisation,1,,2019;2020,2019
3314,SOCIETE DES PRODUITS NESTLÉ SA,societe-des-produits-nestle-sa-2,Organisation,1,,2019,2019
3311,SIG Technology AG,sig-technology-ag-2,Organisation,1,,2019;2020,2019
3308,MR. SHAOMING LIU,shaoming-liu-2,Individual,1,L,2019,2019
3305,PROFESSOR PATRICK AEBISCHER,professor-patrick-aebischer,Individual,1,A,2019;2020,2019
3301,PROF. EDOUARD BUGNION,prof-edouard-bugnion-2,Individual,1,B,2019,2019
3298,PRACE,prace-2,Organisation,1,,2019;2020,2019
3295,Peter und Traudl Engelhorn Stiftung,peter-und-traudl-engelhorn-stiftung-2,Organisation,1,,2019;2020,2019
3292,NOVARTIS PHARMA AG,novartis-pharma-ag-2,Organisation,1,,2019,2019
3289,Nestlé Health Science,nestle-health-science-2,Organisation,1,,2019,2019
3286,Museum für Gestaltung Zürich,museum-fur-gestaltung-zurich-2,Organisation,1,,2019;2020,2019
3283,MATS PAULSSON FOUNDATIONS,mats-paulsson-foundations-2,Organisation,1,,2019;2020,2019
3280,Ligue suisse pour l'organisation rationnelle du trafic,ligue-suisse-pour-lorganisation-rationnelle-du-trafic-2,Organisation,1,,2019;2020,2019
3277,Ligue suisse contre le cancer,ligue-suisse-contre-le-cancer-2,Organisation,1,,2019;2020,2019
3273,Journal of ECerS Trust,journal-of-ecers-trust-2,Organisation,1,,2019;2020,2019
3269,JACOBS FOUNDATION,jacobs-foundation-2,Organisation,1,,2019;2020,2019
3266,ITER Organization,iter-organization-2,Organisation,1,,2019,2019
3261,International Consortium of Investigative Journalists,international-consortium-of-investigative-journalists-2,Organisation,1,,2019,2019
3257,Interchain Foundation,interchain-foundation-2,Organisation,1,,2019;2020,2019
3254,Intel Corporation,intel-corporation-2,Organisation,1,,2019,2019
3250,Innosuisse,innosuisse-2,Organisation,1,,2019,2019
3247,Huawei Technologies France,huawei-technologies-france-2,Organisation,1,,2019,2019
3244,Huawei Technologies Co Ltd,huawei-technologies-co-ltd-2,Organisation,1,,2019,2019
3241,HOLDIGAZ SA,holdigaz-sa-3,Organisation,1,,2019;2020,2019
3238,Handshake,handshake-2,Organisation,1,,2019,2019
3234,GTX Medical,gtx-medical-2,Organisation,1,,2019,2019
3230,Google LLC,google-llc-2,Organisation,1,,2019,2019
3366,Gebert Rüf Stiftung,gebert-ruf-stiftung-2,Organisation,1,,2019;2020,2019
3223,FOUNDATION FOR RESEARCH TECHNOLOGY,foundation-for-research-technology-2,Organisation,1,,2019,2019
3220,ROBERT GNEHM FUND,robert-gnehm-fund,Organisation,1,,2019;2020,2019
3217,Werner FOUNDATION,werner-foundation,Organisation,1,,2019;2020,2019
3215,VALERY FOUNDATION,valery-foundation,Organisation,1,,2019;2020,2019
3211,Fondation Tuor,fondation-tuor-2,Organisation,1,,2019,2019
3207,RESPIRER FOUNDATION,respirer-foundation,Organisation,1,,2019,2019
3205,Swiss Cancer Research foundation,swiss-cancer-research-foundation,Organisation,1,,2019;2020,2019
3201,FONDATION PROMEX POUR LA RECHERCHE,fondation-promex-pour-la-recherche-2,Organisation,1,,2019;2020,2019
3198,PANACEE FOUNDATION,panacee-foundation,Organisation,1,,2019,2019
3195,NOVARTIS FOUNDATION,novartis-foundation,Organisation,1,,2019;2020,2019
3192,International Latsis Foundation,international-latsis-foundation,Organisation,1,,2019;2020,2019
3188,Fondation Jacqueline Cornaz,fondation-jacqueline-cornaz-2,Organisation,1,,2019,2019
3185,INSULEMAN FOUNDATION,insuleman-foundation,Organisation,1,,2019;2020,2019
3182,GIULIANA AND GIORGIO STEFANINI FOUNDATION,giuliana-and-giorgio-stefanini-foundation,Organisation,1,,2019;2020,2019
3179,FONDATION DU DOMAINE DE VILLETTE,fondation-domaine-de-villette-2,Organisation,1,,2019;2020,2019
3176,FONDATION DE BIENFAISANCE DU GROUPE PICTET,fondation-de-bienfaisance-du-groupe-pictet-2,Organisation,1,,2019;2020,2019
3173,FONDATION CASINO BARRIERE MONTREUX,fondation-casino-barriere-de-montreux-2,Organisation,1,,2019;2020,2019
3170,Fondation Assura,fondation-assura-2,Organisation,1,,2019,2019
3166,ANDRÉ & CYPRIEN FOUNDATION,andre-cyprien-foundation,Organisation,1,,2019;2020,2019
3163,ALFRED AND EUGÉNIE BAUR FOUNDATION,alfred-and-eugenie-baur-foundation,Organisation,1,,2019;2020,2019
3160,Fondation Alcea,fondation-alcea-2,Organisation,1,,2019;2020,2019
3157,FONDATION ACTERIA,fondation-acteria-2,Organisation,1,,2019;2020,2019
3154,Facebook Reality Labs,facebook-reality-labs-2,Organisation,1,,2019,2019
3151,Facebook Inc.,facebook-inc-2,Organisation,1,,2019,2019
3148,Engagement Migros – A development fund of the Migros Group,engagement-migros-a-development-fund-of-the-migros-group,Organisation,1,,2019;2020,2019
3145,DR. PAUL PLICHTA AND DR. CHRISTA PLICHTA,dr-paul-plichta-and-dr-christa-plichta,Individual,,P,2019,2019
3106,Commision Internationale pour la protection des eaux du Léman,commision-internationale-pour-la-protection-des-eaux-du-leman-2,Organisation,1,,2019;2020,2019
3103,Comité suisse des barrages,comite-suisse-des-barrages-2,Organisation,1,,2019;2020,2019
3100,CARIGEST SA,carigest-sa-2,Organisation,1,,2019,2019
3098,CARAN D'ACHE SA,caran-dache-sa-2,Organisation,1,,2019;2020,2019
3094,Brain Science Foundation,brain-science-foundation-2,Organisation,1,,2019;2020,2019
3090,BANQUE LANDOLT ET CIE SA,banque-landolt-et-cie-sa-2,Organisation,1,,2019,2019
3085,Autodesk Inc.,autodesk-inc-2,Organisation,1,,2019,2019
3082,ASSOCIATION SONG TAABA,association-song-taaba-2,Organisation,1,,2019,2019
3079,VILLE DE LAUSANNE,ville-de-lausanne-2,Organisation,1,,2019;2020,2019
3059,AFM-TÉLÉTHON,afm-telethon-2,Organisation,1,,2019;2020,2019
4523,UBS Culture Foundation,ubs-culture-foundation,Organisation,1,,2020,2020
4520,DR SHAOMING LIU,dr-shaoming-liu-2,Individual,1,S,2020,2020
4516,SEERAVE FOUNDATION,seerave-foundation-2,Organisation,1,,2020,2020
4513,SCHINDLER,schindler-2,Organisation,1,,2020,2020
4510,Federal Office of Culture (FOC/FDHA),federal-office-of-culture-foc-fdha,Organisation,1,,2020,2020
4507,Mercator Foundation Switzerland,mercator-foundation-switzerland,Organisation,1,,2020,2020
4504,FONDAZIONE TEOFIILO ROSSI DI MONTELERA E DI PREMUDA,fondazione-teofiilo-rossi-di-montelera-e-di-premuda-2,Organisation,1,,2020,2020
4501,PPG,ppg-2,Organisation,1,,2020,2020
4498,Fondation Maisons pour Etudiants Lausanne (FMEL),fondation-maisons-pour-etudiants-lausanne-fmel-2,Organisation,1,,2020,2020
4495,Charitable umbrella foundation EMPIRIS,charitable-umbrella-foundation-empiris,Organisation,1,,2020,2020
4492,FONDATION JUFER,fondation-jufer-2,Organisation,1,,2020,2020
4490,DRS. PAUL AND CHRISTA PLICHTA,drs-paul-and-christa-plichta-2,Individual,,P,2020,2020
4486,Credit Suisse Foundation,credit-suisse-foundation-2,Organisation,1,,2020,2020
4483,BASF,basf-2,Organisation,1,,2020,2020
6360,Huawei Technologies Switzerland AG,huawei-technologies-switzerland-ag-2,Organisation,1,,2021,2021
6295,Bosch Research Foundation part of the Stifterverband,supported-with-funds-from-bosch-research-foundation-part-of-the-stifterverband,Organisation,1,,2021,2021
6294,Vingroup,vingroup-2,Organisation,1,,2021,2021
6293,Qualcomm,qualcomm-2,Organisation,1,,2021,2021
6292,Unitaid,unitaid-2,Organisation,1,,2021,2021
6291,Unigestion SA,unigestion-sa-2,Organisation,1,,2021,2021
6290,A foundation advised by CARIGEST Ltd.,a-foundation-advised-by-carigest-ltd,Organisation,1,,2021,2021
6289,The Michael J. Fox Foundation for Parkinson’s Research,the-michael-j-fox-foundation-for-parkinsons-research-2,Organisation,1,,2021,2021
6288,The Climate Cousins Foundation,the-climate-cousins-foundation-2,Organisation,1,,2021,2021
6287,tdAcademy,tdacademy-2,Organisation,1,,2021,2021
6286,Synopsys Inc.,synopsys-inc-2,Organisation,1,,2021,2021
6285,Charitable umbrella foundation SYMPHASIS,charitable-umbrella-foundation-symphasis,Organisation,1,,2021,2021
6284,NCCR SwissMAP – The Mathematics of Physics,nccr-swissmap-the-mathematics-of-physics,Organisation,1,,2021,2021
6283,Anniversary Foundation of Swiss Life for Public Health and Medical Research,anniversary-foundation-of-swiss-life-for-public-health-and-medical-research,Organisation,1,,2021,2021
6282,Swiss Polar Institute,swiss-polar-institute-2,Organisation,1,,2021,2021
6281,SolidarMed,solidarmed-2,Organisation,1,,2021,2021
6280,Alfred P. Sloan Foundation,alfred-p-sloan-foundation-2,Organisation,1,,2021,2021
6277,SIKA Technology AG,sika-technology-ag-2,Organisation,1,,2021,2021
6279,SIG,sig-2,Organisation,1,,2021,2021
6276,Swiss society of engineers and architects,swiss-society-of-engineers-and-architects,Organisation,1,,2021,2021
6275,Schindler Elevators Ltd,schindler-elevators-ltd,Organisation,1,,2021,2021
6274,"Sabine Süsstrunk, Professor",sabine-susstrunk-professor,Individual,1,,2021,2021
6273,Research Foundation for Opto-Science and Technology,research-foundation-for-opto-science-and-technology,Organisation,1,,2021,2021
6272,Fondation Professeur Charles Rapin,fondation-professeur-charles-rapin-2,Organisation,1,,2021,2021
6271,Radala Foundation,radala-foundation,Organisation,1,,2021,2021
6270,"Qatar National Research Fund, member of Qatar Foundation",qatar-national-research-fund-member-of-qatar-foundation-2,Organisation,1,,2021,2021
6269,Groupe Stellantis / Department of Automotive Research and Innovation,groupe-stellantis-department-of-automotive-research-and-innovation,Organisation,1,,2021,2021
6268,M. George Popescu,m-george-popescu-2,Individual,1,,2021,2021
6267,Oracle Labs,oracle-labs-2,Organisation,1,,2021,2021
6266,Procter & Gamble,procter-gamble-2,Organisation,1,,2021,2021
6265,Novartis Forschungsstiftung,novartis-forschungsstiftung-2,Organisation,1,,2021,2021
6264,The NOMIS Foundation,the-nomis-foundation-2,Organisation,1,,2021,2021
6263,Société des Produits Nestlé,societe-des-produits-nestle-2,Organisation,1,,2021,2021
6262,Mitsubishi Chemical Corporation,mitsubishi-chemical-corporation-2,Organisation,1,,2021,2021
6261,Microsoft,microsoft-2,Organisation,1,,2021,2021
6260,MERCATOR STIFTUNG,mercator-stiftung-2,Organisation,1,,2021,2021
6259,Fondation MERAC,fondation-merac-2,Organisation,1,,2021,2021
6258,Lausanne Orthopedic Research Foundation,lausanne-orthopedic-research-foundation-2,Organisation,1,,2021,2021
6257,The LEGO Foundation,the-lego-foundation-2,Organisation,1,,2021,2021
6256,The Kavli Foundation,the-kavli-foundation-2,Organisation,1,,2021,2021
6255,Prof. Janet Hering,prof-janet-hering-2,Individual,1,,2021,2021
6254,Institution of Engineering and Technology,institution-of-engineering-and-technology-2,Organisation,1,,2021,2021
6253,IBM,ibm-2,Organisation,1,,2021,2021
6252,Honda Research institute USA Inc.,honda-research-institute-usa-inc-2,Organisation,1,,2021,2021
6251,Helmut Horten Foundation,helmut-horten-foundation,Organisation,1,,2021,2021
6250,The Guy Foundation,the-guy-foundation-2,Organisation,1,,2021,2021
6249,Google,google-2,Organisation,1,,2021,2021
6248,Givaudan,givaudan-2,Organisation,1,,2021,2021
6247,Gelbert Foundation,gelbert-foundation,Organisation,1,,2021,2021
6246,Fondation privée des HUG,fondation-privee-des-hug-2,Organisation,1,,2021,2021
6245,Fondation pour la lutte contre le cancer,fondation-pour-la-lutte-contre-le-cancer-2,Organisation,1,,2021,2021
6244,NeuroNA Foundation,neurona-foundation,Organisation,1,,2021,2021
6243,Fondation Léonard Gianadda Mécénat,fondation-leonard-gianadda-mecenat-2,Organisation,1,,2021,2021
6242,Fyssen Foundation,fyssen-foundation,Organisation,1,,2021,2021
6241,Fondation Philanthropique Famille Sandoz,fondation-philanthropique-famille-sandoz-2,Organisation,1,,2021,2021
6240,Research fund of the Swiss gas industry (FOGA),research-fund-of-the-swiss-gas-industry-foga,Organisation,1,,2021,2021
6239,Sea Grape Foundation,sea-grape-foundation-2,Organisation,1,,2021,2021
6238,Migros Pioneer Fund,migros-pioneer-fund,Organisation,1,,2021,2021
6237,Fondation Gianni Biaggi de Blasys,fondation-gianni-biaggi-de-blasys-2,Organisation,1,,2021,2021
6236,Kilian Schindler Family,kilian-schindler-family,Individual,1,,2021,2021
6235,Meta,meta-2,Organisation,1,,2021,2021
6234,Foundation for Rare Metals (ESM),foundation-for-rare-metals-esm,Organisation,1,,2021,2021
6233,"Empa, Materials Science and Technology",empa-materials-science-and-technology-2,Organisation,1,,2021,2021
6232,EMBO,embo-2,Organisation,1,,2021,2021
6231,Dr. Josef Steiner Cancer Research Foundation,dr-josef-steiner-cancer-research-foundation,Organisation,1,,2021,2021
6230,Cancer Research Institute,cancer-research-institute-2,Organisation,1,,2021,2021
6229,COMSOL Multiphysics GmbH,comsol-multiphysics-gmbh-2,Organisation,1,,2021,2021
6228,CANSEARCH Foundation,cansearch-foundation-2,Organisation,1,,2021,2021
6227,Biostime Institute of Nutrition and Care,biostime-institute-of-nutrition-and-care-2,Organisation,1,,2021,2021
6226,Luc & Irène Bauer Foundation,luc-irene-bauer-foundation-2,Organisation,1,,2021,2021
6225,Swissphotonics,swissphotonics-2,Organisation,1,,2021,2021
6224,Alpiq Ltd,alpiq-ltd,Organisation,1,,2021,2021
6223,The Allen Institute for Artificial Intelligence,the-allen-institute-for-artificial-intelligence-2,Organisation,1,,2021,2021
6222,Fondation Aclon,fondation-aclon-2,Organisation,1,,2021,2021
6221,Charitable umbrella foundation ACCENTUS,charitable-umbrella-foundation-accentus,Organisation,1,,2021,2021
6220,Swiss 3R Competence Centre (3RCC),swiss-3r-competence-centre-3rcc,Organisation,1,,2021,2021
6219,Association of African Universities,association-of-african-universities,Organisation,1,,2021,2021
8641,WYSS CENTER FOR BIO AND NEUROENGINEERING,wyss-center-for-bio-and-neuroengineering-5,Organisation,1,,2022,2022
8643,WINGS FOR LIFE SPINAL CORD RESEARCH FOUNDATION,wings-for-life-spinal-cord-research-foundation-4,Organisation,1,,2022,2022
8645,Wellcome Trust,wellcome-trust-2,Organisation,1,,2022,2022
8648,Volskwagen Foundation,volskwagen-foundation,Organisation,1,,2022,2022
8650,VMware,vmware-5,Organisation,1,,2022,2022
8652,Vingroup,vingroup-5,Organisation,1,,2022,2022
8654,VELUX STIFTUNG,velux-stiftung-5,Organisation,1,,2022,2022
8656,"Vaudoise General, Insurance Company Ltd",vaudoise-general-insurance-company-ltd,Organisation,1,,2022,2022
8658,Unitaid,unitaid-5,Organisation,1,,2022,2022
8660,Unigestion SA,unitaid-7,Organisation,1,,2022,2022
8662,TikTok Information Technologies UK Limited,tiktok-information-technologies-uk-limited-2,Organisation,1,,2022,2022
8664,The Vallee foundation,the-vallee-foundation-2,Organisation,1,,2022,2022
8666,The Michael J. Fox Foundation for Parkinson’s Research,the-michael-j-fox-foundation-for-parkinsons-research-5,Organisation,1,,2022,2022
8668,BASIL PANZER TRUST,basil-panzer-trust-5,Organisation,1,,2022,2022
8670,The Anna Fuller Fund,the-anna-fuller-fund-5,Organisation,1,,2022,2022
8672,Synopsys Inc.,synopsys-inc-5,Organisation,1,,2022,2022
8674,SWISSUP FOUNDATION,swissup-foundation-2,Organisation,1,,2022,2022
8676,SWISSQUOTE BANK LTD,swissquote-bank-ltd-2,Organisation,1,,2022,2022
8678,swissnuclear,swissnuclear-5,Organisation,1,,2022,2022
8681,Swiss Polar Institute,swiss-polar-institute-5,Organisation,1,,2022,2022
8683,SWISS CANCER RESEARCH,swiss-cancer-research-5,Organisation,1,,2022,2022
8685,Swiss Bridge Foundation,swiss-bridge-foundation-5,Organisation,1,,2022,2022
8687,Staub Kaiser Foundation,staub-kaiser-foundation-3,Organisation,1,,2022,2022
8689,Bosch Research Foundation part of the Stifterverband,bosch-research-foundation-part-of-the-stifterverband,Organisation,1,,2022,2022
8691,Société des Produits Nestlé,societe-des-produits-nestle-6,Organisation,1,,2022,2022
8693,SIG,sig-5,Organisation,1,,2022,2022
8695,DR SHAOMING LIU,dr-shaoming-liu-5,Individual,1,,2022,2022
8697,Fondation Schlumberger pour l’Education et la Recherche,fondation-schlumberger-pour-leducation-et-la-recherche-2,Organisation,1,,2022,2022
8699,Schindler elevators ltd,schindler-elevators-ltd-2,Organisation,1,,2022,2022
8701,Seerave Foundation,seerave-foundation-5,Organisation,1,,2022,2022
8703,Romande Energie SA,romande-energie-sa-2,Organisation,1,,2022,2022
8705,ROLEX SA,rolex-sa-5,Organisation,1,,2022,2022
8707,RICHEMONT INTERNATIONAL SA,richemont-international-sa-6,Organisation,1,,2022,2022
8709,Realstone SA,realstone-sa-2,Organisation,1,,2022,2022
8711,Radala Foundation,radala-foundation-3,Organisation,1,,2022,2022
8713,Qualcomm,qualcomm-5,Organisation,1,,2022,2022
8715,"Qatar National Research Fund, member of Qatar Foundation",qatar-national-research-fund-member-of-qatar-foundation-5,Organisation,1,,2022,2022
8718,PX GROUP SA,px-group-sa-5,Organisation,1,,2022,2022
8720,SICPA SA,sicpa-sa-5,Organisation,1,,2022,2022
8722,Kilian Schindler Family,kilian-schindler-family-2,Individual,1,,2022,2022
8724,PPG,ppg-5,Organisation,1,,2022,2022
8726,Peter und Traudl Engelhorn Stiftung,peter-und-traudl-engelhorn-stiftung-5,Organisation,1,,2022,2022
8728,Oracle Labs,oracle-labs-5,Organisation,1,,2022,2022
8730,Clinique romande de réadaptation (CRR) - Sion,clinique-romande-de-readaptation-crr-sion-2,Organisation,1,,2022,2022
8732,OMRON Electronics AG,omron-electronics-ag-2,Organisation,1,,2022,2022
8734,Federal Office of Culture (FOC/FDHA),federal-office-of-culture-foc-fdha-2,Organisation,1,,2022,2022
8736,Procter & Gamble,procter-gamble-5,Organisation,1,,2022,2022
8739,Novartis Pharma AG,novartis-pharma-ag-5,Organisation,1,,2022,2022
8741,Novartis Forschungsstiftung,novartis-forschungsstiftung-5,Organisation,1,,2022,2022
8743,The NOMIS Foundation,the-nomis-foundation-4,Organisation,1,,2022,2022
8746,NESTLÉ SA,nestle-sa-5,Organisation,1,,2022,2022
8748,Swiss Mobiliar Cooperative Company,swiss-mobiliar-cooperative-company-2,Organisation,1,,2022,2022
8750,Mitobridge/Astellas,mitobridge-astellas-2,Organisation,1,,2022,2022
8753,Migros Pioneer Fund,migros-pioneer-fund-2,Organisation,1,,2022,2022
8755,Microsoft,microsoft-5,Organisation,1,,2022,2022
8757,International Red Cross and Red Crescent Museum,international-red-cross-and-red-crescent-museum,Organisation,1,,2022,2022
8760,MGO Fondation pour la recherche sur les Maladies Génétiques et Orphelines,mgo-fondation-pour-la-recherche-sur-les-maladies-genetiques-et-orphelines-5,Organisation,1,,2022,2022
8762,MEDTRONIC EUROPE SÀRL,medtronic-europe-sarl-5,Organisation,1,,2022,2022
8764,MCCALL MACBAIN FOUNDATION,mccall-macbain-foundation-5,Organisation,1,,2022,2022
8766,LOGITECH,logitech-5,Organisation,1,,2022,2022
8769,THE PARENTS OF EULER COURSE STUDENTS,the-parents-of-euler-course-students-2,Individual,1,,2022,2022
8771,GILBERT HAUSMANN AWARD,gilbert-hausmann-award-2,Organisation,1,,2022,2022
8773,The LEGO Foundation,the-lego-foundation-5,Organisation,1,,2022,2022
8776,Lausanne Orthopedic Research Foundation,lausanne-orthopedic-research-foundation-5,Organisation,1,,2022,2022
8779,The Laidlaw Foundation,the-laidlaw-foundation-2,Organisation,1,,2022,2022
8781,KRISTIAN GERHARD JEBSEN FOUNDATION,kristian-gerhard-jebsen-foundation-5,Organisation,1,,2022,2022
8783,Swiss Cancer Research foundation,swiss-cancer-research-foundation-2,Organisation,1,,2022,2022
8785,JACOBS FOUNDATION,jacobs-foundation-6,Organisation,1,,2022,2022
8788,DR. JULIA JACOBI,dr-julia-jacobi-5,Individual,1,,2022,2022
8791,Intel Corporation,intel-corporation-5,Organisation,1,,2022,2022
8794,Institution of Engineering and Technology,institution-of-engineering-and-technology-5,Organisation,1,,2022,2022
8796,IBM,ibm-6,Organisation,1,,2022,2022
8798,Huawei Technologies Switzerland AG,huawei-technologies-switzerland-ag-5,Organisation,1,,2022,2022
8800,Honda Research institute USA Inc.,honda-research-institute-usa-inc-5,Organisation,1,,2022,2022
8803,HOLDIGAZ SA,holdigaz-sa-5,Organisation,1,,2022,2022
8805,The International Human Frontier Science Program Organization (HFSPO),the-international-human-frontier-science-program-organization-hfspo-5,Organisation,1,,2022,2022
8808,Helmut Horten Foundation,helmut-horten-foundation-2,Organisation,1,,2022,2022
8810,GILBERT HAUSMANN AWARD,gilbert-hausmann-award-3,Organisation,1,,2022,2022
8812,Gebert Rüf Stifung,gebert-ruf-stifung-2,Organisation,1,,2022,2022
8814,GAZNAT SA,gaznat-sa-4,Organisation,1,,2022,2022
8816,GABRIELLA GIORGI-CAVAGLIERI FOUNDATION,gabriella-giorgi-cavaglieri-foundation-2,Organisation,1,,2022,2022
8818,ROBERT GNEHM FUND,robert-gnehm-fund-2,Organisation,1,,2022,2022
8820,Research fund of the Swiss gas industry (FOGA),research-fund-of-the-swiss-gas-industry-foga-2,Organisation,1,,2022,2022
8822,FONDAZIONE TEOFILO ROSSI DI MONTELERA E DI PREMUDA,fondazione-teofilo-rossi-di-montelera-e-di-premuda-2,Organisation,1,,2022,2022
8824,SAN SALVATORE FOUNDATION,san-salvatore-foundation-2,Organisation,1,,2022,2022
8826,VALERY FOUNDATION,valery-foundation-2,Organisation,1,,2022,2022
8828,VAHABZADEH FOUNDATION,vahabzadeh-foundation-2,Organisation,1,,2022,2022
8830,SYNAPSIS FOUNDATION,synapsis-foundation-2,Organisation,1,,2022,2022
8832,FONDATION SUISSE DE RECHERCHE SUR LES MALADIES MUSCULAIRES,fondation-suisse-de-recherche-sur-les-maladies-musculaires-6,Organisation,1,,2022,2022
8834,PRO VISU FOUNDATION,pro-visu-foundation-2,Organisation,1,,2022,2022
8836,"PRIVATE FOUNDATION, GENEVA",private-foundation-geneva-2,Organisation,1,,2022,2022
8838,Fondation privée des HUG,fondation-privee-des-hug-5,Organisation,1,,2022,2022
8840,Fondation pour la lutte contre le cancer,fondation-pour-la-lutte-contre-le-cancer-4,Organisation,1,,2022,2022
8842,Fondation Plateforme 10 – Photo Elysée,fondation-plateforme-10-photo-elysee-2,Organisation,1,,2022,2022
8844,FONDATION PIERRE MERCIER POUR LA SCIENCE,fondation-pierre-mercier-pour-la-science-5,Organisation,1,,2022,2022
8846,FONDATION ORLANDO LAUTI,fondation-orlando-lauti-5,Organisation,1,,2022,2022
8848,NOVARTIS FOUNDATION,novartis-foundation-2,Organisation,1,,2022,2022
8850,NEURONA FOUNDATION,neurona-foundation-2,Organisation,1,,2022,2022
8852,Fondation Maisons pour Etudiants (FMEL),fondation-maisons-pour-etudiants-fmel-2,Organisation,1,,2022,2022
8854,Fondation Léonard Gianadda Mécénat,fondation-leonard-gianadda-mecenat-5,Organisation,1,,2022,2022
8856,LEISTER FOUNDATION,leister-foundation-2,Organisation,1,,2022,2022
8858,LEENAARDS FOUNDATION,leenaards-foundation-2,Organisation,1,,2022,2022
8860,International Latsis Foundation,international-latsis-foundation-3,Organisation,1,,2022,2022
8862,FONDATION JACQUELINE BEYTOUT,fondation-jacqueline-beytout-5,Organisation,1,,2022,2022
8864,ISREC FOUNDATION,isrec-foundation-2,Organisation,1,,2022,2022
8866,HASLER FOUNDATION,hasler-foundation-2,Organisation,1,,2022,2022
8868,FONDATION GIVEKA,fondation-giveka-3,Organisation,1,,2022,2022
8870,Fondation Gianni Biaggi de Blasys,fondation-gianni-biaggi-de-blasys-5,Organisation,1,,2022,2022
8873,Gelbert Foundation,gelbert-foundation-2,Organisation,1,,2022,2022
8875,GABRIELLA GIORGI-CAVAGLIERI FOUNDATION,gabriella-giorgi-cavaglieri-foundation-3,Organisation,1,,2022,2022
8877,Fyssen Foundation,fyssen-foundation-3,Organisation,1,,2022,2022
8879,Charitable umbrella foundation SYMPHASIS,charitable-umbrella-foundation-symphasis-2,Organisation,1,,2022,2022
8881,Anniversary Foundation of Swiss Life for Public Health and Medical Research,anniversary-foundation-of-swiss-life-for-public-health-and-medical-research-2,Organisation,1,,2022,2022
8883,FONDATION DU DOMAINE DE VILLETTE,fondation-du-domaine-de-villette-2,Organisation,1,,2022,2022
8885,DEFITECH FOUNDATION,defitech-foundation-2,Organisation,1,,2022,2022
8887,CLAUDE NOBS FOUNDATION,claude-nobs-foundation-2,Organisation,1,,2022,2022
8889,Fondation Professeur Charles Rapin,fondation-professeur-charles-rapin-5,Organisation,1,,2022,2022
8891,BERTARELLI FOUNDATION,bertarelli-foundation-2,Organisation,1,,2022,2022
8893,Fondation BCV,fondation-bcv-2,Organisation,1,,2022,2022
8896,Fondation Alcea,fondation-alcea-5,Organisation,1,,2022,2022
8899,FONDATION ACTERIA,fondation-acteria-5,Organisation,1,,2022,2022
8901,Fondation Aclon,fondation-aclon-5,Organisation,1,,2022,2022
8903,FOND’ACTION CONTRE LE CANCER,fondaction-contre-le-cancer-5,Organisation,1,,2022,2022
8906,FIRMENICH SA,firmenich-sa-5,Organisation,1,,2022,2022
8908,FERRING INTERNATIONAL CENTER SA,ferring-international-center-sa-5,Organisation,1,,2022,2022
8910,FEE – Fondation pour les étudiants de l’EPFL,fee-fondation-pour-les-etudiants-de-lepfl-2,Organisation,1,,2022,2022
8912,FAMSA Foundation,famsa-foundation,Organisation,1,,2022,2022
8914,Meta,meta-5,Organisation,1,,2022,2022
8917,Migros Pioneer Fund,migros-pioneer-fund-3,Organisation,1,,2022,2022
8919,Charitable umbrella foundation EMPIRIS,charitable-umbrella-foundation-empiris-2,Organisation,1,,2022,2022
8921,"Empa, Marterials Science and Technology",empa-marterials-science-and-technology-2,Organisation,1,,2022,2022
8923,EMBO,embo-5,Organisation,1,,2022,2022
8925,RICHEMONT INTERNATIONAL SA,richemont-international-sa-8,Organisation,1,,2022,2022
8927,Dr. Josef Steiner Cancer Research Foundation,dr-josef-steiner-cancer-research-foundation-2,Organisation,1,,2022,2022
8929,DRS. PAUL AND CHRISTA PLICHTA,drs-paul-and-christa-plichta-5,Individual,1,,2022,2022
8931,ERNST GÖHNER FOUNDATION,ernst-gohner-foundation-2,Organisation,1,,2022,2022
8933,PROFESSOR PATRICK AEBISCHER,professor-patrick-aebischer-2,Individual,1,,2022,2022
8935,DEFITECH FOUNDATION,defitech-foundation-3,Organisation,1,,2022,2022
8937,Credit Suisse Foundation,credit-suisse-foundation-5,Organisation,1,,2022,2022
8939,CREDIT SUISSE (SUISSE) SA,credit-suisse-suisse-sa-5,Organisation,1,,2022,2022
8942,WERNER SIEMENS-STIFTUNG,werner-siemens-stiftung-5,Organisation,1,,2022,2022
8944,COMSOL Multiphysics GmbH,comsol-multiphysics-gmbh-6,Organisation,1,,2022,2022
8946,LOTERIE ROMANDE,loterie-romande-5,Organisation,1,,2022,2022
8949,ClimateWorks Foundation,climateworks-foundation-2,Organisation,1,,2022,2022
8951,The Climate Cousins Foundation,the-climate-cousins-foundation-5,Organisation,1,,2022,2022
8953,CHUV,chuv-6,Organisation,1,,2022,2022
8956,MR. CLAUDE LATOUR,mr-claude-latour-2,Individual,1,,2022,2022
8958,"MR. JEAN-FRANÇOIS LOUDE, HONORARY PROFESSOR",mr-jean-francois-loude-honorary-professor-2,Individual,1,,2022,2022
8960,A foundation advised by CARIGEST Ltd.,a-foundation-advised-by-carigest-ltd-2,Organisation,1,,2022,2022
8962,CARAN D'ACHE SA,caran-dache-sa-5,Organisation,1,,2022,2022
8964,Camptocamp,camptocamp-2,Organisation,1,,2022,2022
8967,FONDATION LOMBARD ODIER,fondation-lombard-odier-5,Organisation,1,,2022,2022
8969,MR. JACQUES DE SAUSSURE AND MRS. IMAN MAKKI DE SAUSSURE,mr-jacques-de-saussure-and-mrs-iman-makki-de-saussure-2,Individual,1,,2022,2022
8971,"Boehringer Ingelheim Fonds, Foundation for Basic Research in Medicine",boehringer-ingelheim-fonds-foundation-for-basic-research-in-medicine-2,Organisation,1,,2022,2022
8973,Biostime Institute of Nutrition and Care,biostime-institute-of-nutrition-and-care-5,Organisation,1,,2022,2022
8975,BANQUE CANTONALE VAUDOISE,banque-cantonale-vaudoise-5,Organisation,1,,2022,2022
8977,Luc & Irène Bauer Foundation,luc-irene-bauer-foundation-5,Organisation,1,,2022,2022
8979,BASF,basf-5,Organisation,1,,2022,2022
8981,AXA RESEARCH FUND,axa-research-fund-5,Organisation,1,,2022,2022
8983,Autodesk Inc.,autodesk-inc-5,Organisation,1,,2022,2022
8985,AUDEMARS PIGUET,audemars-piguet-5,Organisation,1,,2022,2022
8987,Swiss Polar Foundation,swiss-polar-foundation-5,Organisation,1,,2022,2022
8990,Swissphotonics,swissphotonics-5,Organisation,1,,2022,2022
8992,ASSOCIATION LIBRE D’AIDE A LA RECHERCHE SUR LA MOELLE EPINIERE,association-libre-daide-a-la-recherche-sur-la-moelle-epiniere-5,Organisation,1,,2022,2022
8996,Association of African Universities,association-of-african-universities-2,Organisation,1,,2022,2022
8998,"MRS. CATHERINE LABOUCHÈRE, REPRESENTING A GROUP OF DONORS",mrs-catherine-labouchere-representing-a-group-of-donors-2,Individual,1,,2022,2022
9000,Alpiq Ltd,alpiq-ltd-2,Organisation,1,,2022,2022
9003,The Allen Institute for Artificial Intelligence,the-allen-institute-for-artificial-intelligence-5,Organisation,1,,2022,2022
9006,Alan Howard,alan-howard-2,Individual,1,,2022,2022
9008,Charitable umbrella foundation ACCENTUS,charitable-umbrella-foundation-accentus-2,Organisation,1,,2022,2022
9010,ABB SUISSE SA,abb-suisse-sa-4,Organisation,1,,2022,2022
9012,Fondation Philanthropique Famille Sandoz,fondation-philanthropique-famille-sandoz-6,Organisation,1,,2022,2022
10122,SPI - Swiss Polar Institute,spi-swiss-polar-institute-2,Individual,1,,2023,2023
10083,Wüest Partner SA,wuest-partner-sa-2,Individual,1,,2023,2023
10080,VISION LANDWIRTSCHAFT,vision-landwirtschaft-2,Individual,1,,2023,2023
10077,UBS Switzerland AG,ubs-switzerland-ag-2,Individual,1,,2023,2023
10074,TRANSITEC,transitec-2,Individual,1,,2023,2023
10071,The Martinez Family Trust,the-martinez-family-trust-2,Individual,1,,2023,2023
10067,The Kavli Foundation,the-kavli-foundation-5,Individual,1,,2023,2023
10064,The Foundation for AIDS Research,the-foundation-for-aids-research-2,Individual,1,,2023,2023
10061,Swiss 3R competence center,swiss-3r-competence-center-4,Individual,1,,2023,2023
10058,STAVROS NIARCHOS FOUNDATION,stavros-niarchos-foundation-2,Individual,1,,2023,2023
10055,SQUAREPOINT FOUNDATION,squarepoint-foundation-2,Individual,1,,2023,2023
10052,"SKKG, Stiftung fur Kunst, Kultur und Geschichte",skkg-stiftung-fur-kunst-kultur-und-geschichte-2,Individual,1,,2023,2023
10049,Signa-Terre SA,signa-terre-sa-2,Individual,1,,2023,2023
10046,Severin B. Hacker,severin-b-hacker-2,Individual,1,,2023,2023
10043,Roumai Medical,roumai-medical-2,Individual,1,,2023,2023
10040,ReMedys Foundation,remedys-foundation-2,Individual,1,,2023,2023
10037,Peter und Traudl Engelhorn Stiftung,peter-und-traudl-engelhorn-stiftung-8,Individual,1,,2023,2023
10034,Olga Mayenfisch Stiftung,olga-mayenfisch-stiftung-2,Individual,1,,2023,2023
10031,Nym Technologies,nym-technologies-2,Individual,1,,2023,2023
10028,"MODUS, for sustainable mobility in Geneva",modus-for-sustainable-mobility-in-geneva,Individual,1,,2023,2023
10025,Mitsubishi Chemical Corporation,mitsubishi-chemical-corporation-5,Individual,1,,2023,2023
10022,LIQUITY AG,liquity-ag-2,Individual,1,,2023,2023
10019,Ligentec SA,ligentec-sa-2,Individual,1,,2023,2023
10016,KHEPHREN SA,khephren-sa-2,Individual,1,,2023,2023
10013,IRME - Institut pour la recherche sur la Moelle épinière et l'Encéphale,irme-institut-pour-la-recherche-sur-la-moelle-epiniere-et-lencephale-2,Individual,1,,2023,2023
10010,GETec Microscopy GmbH,getec-microscopy-gmbh-2,Individual,1,,2023,2023
10007,Fundo,fundo-2,Individual,1,,2023,2023
10004,Frigg.eco AG,frigg-eco-ag-2,Individual,1,,2023,2023
9745,FORCE - Fondation Recherche sur le Cancer de l’Enfant,force-fondation-recherche-sur-le-cancer-de-lenfant-5,Individual,1,,2023,2023
9742,Swiss Foundation for Alcohol Research,swiss-foundation-for-alcohol-research,Individual,1,,2023,2023
9739,Fondation Roger de Spoelberch,fondation-roger-de-spoelberch-2,Individual,1,,2023,2023
9736,Fondation pour la recherche en biologie et médecine,fondation-pour-la-recherche-en-biologie-et-medecine-2,Individual,1,,2023,2023
9732,Foundation for the encouragement of Nutrition Research in Switzerland,foundation-for-the-encouragement-of-nutrition-research-in-switzerland,Individual,1,,2023,2023
9729,Fondation Novandi,fondation-novandi-2,Individual,1,,2023,2023
9726,FONDATION MARINA CUENNET-MAUVERNAY,fondation-marina-cuennet-mauvernay-2,Individual,1,,2023,2023
9722,LUNT FOUNDATION,lunt-foundation-2,Individual,1,,2023,2023
9719,Fondation les Mûrons,fondation-les-murons-2,Individual,1,,2023,2023
9715,Fondation Hans Wilsdorf,fondation-hans-wilsdorf-2,Individual,1,,2023,2023
9712,FONDATION ETRILLARD,fondation-etrillard-2,Individual,1,,2023,2023
9709,Fondation Emilienne Jaton et Fondation Associées,fondation-emilienne-jaton-et-fondation-associees-2,Individual,1,,2023,2023
9706,Centenary Foundation of the Swiss Society of General Insurance on Human Life for Public Health and Medical Research,centenary-foundation-of-the-swiss-society-of-general-insurance-on-human-life-for-public-health-and-medical-research,Individual,1,F,2023,2023
9703,Fondation Botnar,fondation-botnar-2,Individual,1,,2023,2023
9700,CSS Versicherung AG,css-versicherung-ag-2,Individual,1,C,2023,2023
9697,Cronos Finance,cronos-finance-2,Individual,1,C,2023,2023
9694,Bourse Giudici-Vauclair,bourse-giudici-vauclair-2,Individual,1,,2023,2023
9691,ANDRE P. BUCHEL,andre-p-buchel-2,Individual,1,A,2023,2023
9688,AGEPoly,agepoly-2,Individual,1,,2023,2023
9685,Acanthe SA,acanthe-sa-4,Organisation,1,A,2023,2023
9243,Acanthe SA,acanthe-sa-2,Organisation,1,A,2023,2023
9240,Swiss 3R competence center,swiss-3r-competence-center-2,Organisation,1,S,2023,2023
1416,Béla Kapossy,bela-kapossy-5,directeurs_collegues,,,2018;2019;2020,2018
1418,Dominique Foray,dominique-foray,directeurs_collegues,,,2018,2018
1414,Andrew Barry,andrew-barry-2,doyens_facultes,,,2018,2018
1412,James Larus,james-larus-2,doyens_facultes,,,2018;2019;2020,2018
1410,Ali H. Sayed,ali-h-sayed-2,doyens_facultes,,,2018;2019;2020,2018
1408,Gisou van der Goot,gisou-van-der-goot-2,doyens_facultes,,,2018;2019,2018
1406,Jan S. Hesthaven,jan-s-hesthaven-2,doyens_facultes,,,2018;2019,2018
1391,Martin Vetterli,martin-vetterli-2,president,,,2018,2018
1404,Edouard Bugnion,edouard-bugnion-2,equipe_direction,,,2018,2018
1402,Etienne Marclay,etienne-marclay-2,equipe_direction,,,2018,2018
1400,Caroline Kuyper,caroline-kuyper-2,equipe_direction,,,2018,2018
1398,Marc Gruber,marc-gruber-2,equipe_direction,,,2018,2018
1396,Andreas Mortensen,andreas-mortensen-2,equipe_direction,,,2018,2018
1394,Pierre Vandergheynst,pierre-vandergheynst-2,equipe_direction,,,2018,2018
1387,Philippe Spaetig,philippe-spaetig-2,professeurs,,,2018,2018
1385,Christopher Mudry,christopher-mudry-2,professeurs,,,2018,2018
1384,Pascale Jablonka,pascale-jablonka-3,professeurs,,,2018,2018
1382,Simone Deparis,simone-deparis-3,professeurs,,,2018,2018
1380,Lesya Shchutska,lesya-shchutska-3,professeurs,,,2018,2018
1378,Pablo Rivera-Fuentes,pablo-rivera-fuentes-3,professeurs,,,2018,2018
1376,Victor Panaretos,victor-panaretos-3,professeurs,,,2018,2018
2543,Jamie Paik,jamie-paik-3,professeurs,,,2018,2018
1371,Sofia Olhede,sofia-olhede-2,professeurs,,,2018,2018
1370,Clément Hongler,clement-hongler-3,professeurs,,,2018,2018
1367,Camille Brès,camille-bres-2,professeurs,,,2018,2018
1366,Jérôme Baudry,jerome-baudry-3,professeurs,,,2018,2018
1364,Ola Svensson,ola-svensson-3,professeurs,,,2018,2018
1361,Kevin Sivula,kevin-sivula-2,professeurs,,,2018,2018
1359,Matthias Lütolf,matthias-lutolf-2,professeurs,,,2018,2018
1357,Juhan Aru,juhan-aru-2,professeurs,,,2018,2018
1356,Giulia Tagliabue,giulia-tagliabue-3,professeurs,,,2018,2018
1354,Mathias Payer,mathias-payer-3,professeurs,,,2018,2018
1351,Silvestro Micera,silvestro-micera-2,professeurs,,,2018,2018
1347,Michele De Palma,michele-de-palma-2,professeurs,,,2018,2018
1346,Fabrizio Carbone,fabrizio-carbone-3,professeurs,,,2018,2018
1343,Vivek Subramanian,vivek-subramanian-2,professeurs,,,2018,2018
1315,Philip Moll,philip-moll-2,professeurs,,,2018,2018
1313,Giovanni D’Angelo,giovanni-dangelo-2,professeurs,,,2018,2018
1312,Andreas Burg,andreas-burg-3,professeurs,,,2018,2018
1309,Yimon Aye,yimon-aye-2,professeurs,,,2018,2018
1307,Athanasios Nenes,athanasios-nenes-2,professeurs,,,2018,2018
1305,Carlotta Guiducci,carlotta-guiducci-2,professeurs,,,2018,2018
1301,Christoph Bostedt,1301,professeurs,,,2018,2018
3707,Dominique Foray,dominique-foray-4,directeurs_collegues,,,2019;2020,2019
3469,Pierre Vandergheynst,pierre-vandergheynst-5,equipe_direction,,,2019,2019
3464,Martin Vetterli,martin-vetterli-5,president,,,2019,2019
3460,Marc Gruber,marc-gruber-5,equipe_direction,,,2019,2019
3456,Claudia R. Binder,claudia-binder-2,doyens_facultes,,,2019;2020,2019
3452,Etienne Marclay,etienne-marclay-5,equipe_direction,,,2019,2019
3448,Edouard Bugnion,edouard-bugnion-5,equipe_direction,,,2019,2019
3444,Caroline Kuyper,caroline-kuyper-5,equipe_direction,,,2019,2019
3417,Andreas Mortensen,andreas-mortensen-5,equipe_direction,,,2019,2019
2747,Amir Zamir,amir-zamir-2,professeurs,,,2019,2019
2746,Dimitri Wyss,dimitri-wyss-2,professeurs,,,2019,2019
2745,Jérôme Waser,jerome-waser-2,professeurs,,,2019,2019
2744,Jo Taillieu,jo-taillieu-2,professeurs,,,2019,2019
2743,Henning Stahlberg,henning-stahlberg-2,professeurs,,,2019,2019
2742,Mahsa Shoaran,mahsa-shoaran-2,professeurs,,,2019,2019
2741,Mike Seidel,mike-seidel-2,professeurs,,,2019,2019
2740,Julia Schmale,julia-schmale-2,professeurs,,,2019,2019
2739,Christoph Merten,christoph-merten-2,professeurs,,,2019,2019
2738,Mackenzie Mathis,mackenzie-mathis-2,professeurs,,,2019,2019
2737,Alexander Mathis,alexander-mathis-2,professeurs,,,2019,2019
2736,Adam Marcus,adam-marcus-2,professeurs,,,2019,2019
2735,Eric Lapierre,eric-lapierre-2,professeurs,,,2019,2019
2734,Graham Knott,graham-knott-2,professeurs,,,2019,2019
2733,Negar Kiyavash,negar-kiyavash-2,professeurs,,,2019,2019
2732,Anne-Marie Kermarrec,anne-marie-kermarrec-2,professeurs,,,2019,2019
2731,Tanja Käser,tanja-kaser-2,professeurs,,,2019,2019
2730,Frédéric Kaplan,frederic-kaplan-2,professeurs,,,2019,2019
2729,Julien Hugonnier,julien-hugonnier-2,professeurs,,,2019,2019
2723,Kathryn Hess Bellwald,kathryn-hess-bellwald-2,professeurs,,,2019,2019
2722,Charlotte Grossiord,charlotte-grossiord-2,professeurs,,,2019,2019
2721,Mika Göös,mika-goos-2,professeurs,,,2019,2019
2720,Anna Fontcuberta i Morral,anna-fontcuberta-i-morral-2,professeurs,,,2019,2019
2719,François Fleuret,francois-fleuret-2,professeurs,,,2019,2019
2718,Nicolas Flammarion,nicolas-flammarion-2,professeurs,,,2019,2019
2717,Beat Fierz,beat-fierz-2,professeurs,,,2019,2019
2716,Jacques Fellay,jacques-fellay-2,professeurs,,,2019,2019
2715,Jacques Duparc,jacques-duparc-2,professeurs,,,2019,2019
2714,Bart Deplancke,bart-deplancke-2,professeurs,,,2019,2019
2713,Grégoire Courtine,gregoire-courtine-2,professeurs,,,2019,2019
2712,Anne-Clémence Corminboeuf,anne-clemence-corminboeuf-2,professeurs,,,2019,2019
2711,Nicolas Boumal,nicolas-boumal-2,professeurs,,,2019,2019
2710,Jocelyne Bloch,jocelyne-bloch-2,professeurs,,,2019,2019
2709,Anne-Florence Bitbol,anne-florence-bitbol-2,professeurs,,,2019,2019
2708,Mitali Banerjee,mitali-banerjee-2,professeurs,,,2019,2019
2707,Katerina Argyraki,katerina-argyraki-2,professeurs,,,2019,2019
2706,Andrea Ablasser,andrea-ablasser-2,professeurs,,,2019,2019
4879,Tobias Schneider,tobias-schneider-3,professeurs,,,2020,2020
4874,Thomas Weber,thomas-weber-2,professeurs,,,2020,2020
4870,Sylvie Roke,sylvie-roke-3,professeurs,,,2020,2020
4864,Sophia Haussener,sophia-haussener-2,professeurs,,,2020,2020
4863,Sanidhya Kashyap,sanidhya-kashyap-3,professeurs,,,2020,2020
4859,Sandro Carrara,sandro-carrara-2,professeurs,,,2020,2020
4858,Rüdiger Fahlenbrach,rudiger-fahlenbrach-2,professeurs,,,2020,2020
4854,Pasquale Scarlino,pasquale-scarlino-2,professeurs,,,2020,2020
4852,Pascal Frossard,pascal-frossard-3,professeurs,,,2020,2020
4848,Oleg Yazyev,oleg-yazyev-2,professeurs,,,2020,2020
4845,Michele Ceriotti,michele-ceriotti-3,professeurs,,,2020,2020
4840,Matthias Grossglauser,matthias-grossglauser-2,professeurs,,,2020,2020
4837,Mats Stensrud,mats-stensrud-3,professeurs,,,2020,2020
4834,Marius Lemm,marius-lemm-2,professeurs,,,2020,2020
4831,Lenka Zdeborová,lenka-zdeborova-3,professeurs,,,2020,2020
4826,Jürg Schiffmann,jurg-schiffmann-2,professeurs,,,2020,2020
4824,Josie Hughes,josie-hughes-3,professeurs,,,2020,2020
4821,Johannes Gräff,johannes-graff-2,professeurs,,,2020,2020
4815,Jean-Philippe Thiran,jean-philippe-thiran-2,professeurs,,,2020,2020
4812,Hatice Altug,hatice-altug-3,professeurs,,,2020,2020
4810,Giuseppe Carleo,giuseppe-carleo-3,professeurs,,,2020,2020
4806,Gerardo Turcatti,gerardo-turcatti-2,professeurs,,,2020,2020
4805,Florent Krzakala,florent-krzakala-3,professeurs,,,2020,2020
4797,Fabien Sorin,fabien-sorin-2,professeurs,,,2020,2020
4791,Devis Tuia,devis-tuia-2,professeurs,,,2020,2020
4789,David Suter,david-suter-3,professeurs,,,2020,2020
4786,Antoine Bosselut,antoine-bosselut-2,professeurs,,,2020,2020
4782,Alireza Karimi,alireza-karimi-2,professeurs,,,2020,2020
4660,Andy Oates,andy-oates-2,doyens_facultes,,,2020,2020
4655,Paul Dyson,paul-dyson-2,doyens_facultes,,,2020,2020
4644,Gisou van der Goot,gisou-van-der-goot-5,equipe_direction,,,2020,2020
4640,Marc Bachelot,marc-bachelot-2,equipe_direction,,,2020,2020
4636,Matthias Gäumann,matthias-gaumann-2,equipe_direction,,,2020,2020
4631,Ursula Oesterle,ursula-oesterle-2,equipe_direction,,,2020,2020
4625,Jan S. Hesthaven,jan-s-hesthaven-5,equipe_direction,,,2020,2020
4603,Martin Vetterli,martin-vetterli-8,president,,,2020,2020
6018,Rüdiger Urbanke,rudiger-urbanke-2,doyens_facultes,,,2021,2021
6012,Françoise Bommensatt,francoise-bommensatt-2,equipe_direction,,,2021,2021
6217,Kenan Zhang,kenan-zhang-2,professeurs,,,2021,2021
6216,Anastasios Vassilopoulos,anastasios-vassilopoulos-2,professeurs,,,2021,2021
6215,Andrew Sonta,andrew-sonta-2,professeurs,,,2021,2021
6213,Philippe Schwaller,philippe-schwaller-2,professeurs,,,2021,2021
6212,Florian Richter,florian-richter-2,professeurs,,,2021,2021
6211,Aleksandra Radenovic,aleksandra-radenovic-2,professeurs,,,2021,2021
6210,Mathias Payer,mathias-payer-5,professeurs,,,2021,2021
6209,Zsolt Patakfalvi,zsolt-patakfalvi-2,professeurs,,,2021,2021
6208,Stefana Parascho,stefana-parascho-2,professeurs,,,2021,2021
6207,Elisa Oricchio,elisa-oricchio-2,professeurs,,,2021,2021
6206,Sarah Nichols,sarah-nichols-2,professeurs,,,2021,2021
6204,Anirudh Raju Natarajan,anirudh-raju-natarajan-2,professeurs,,,2021,2021
6203,Kirsten Moselund,kirsten-moselund-2,professeurs,,,2021,2021
6202,Georgios Moschidis,georgios-moschidis-2,professeurs,,,2021,2021
6201,Elison Matioli,elison-matioli-2,professeurs,,,2021,2021
6200,Vladimir Manucharyan,vladimir-manucharyan-2,professeurs,,,2021,2021
6199,Charlotte Malterre-Barthes,charlotte-malterre-barthes-2,professeurs,,,2021,2021
6198,Nicolas Macris,nicolas-macris-2,professeurs,,,2021,2021
6197,Jeremy Luterbacher,jeremy-luterbacher-2,professeurs,,,2021,2021
6196,Marianne Liebi,marianne-liebi-2,professeurs,,,2021,2021
6195,Brice Lecampion,brice-lecampion-2,professeurs,,,2021,2021
6194,Andreas Läuchli,andreas-lauchli-2,professeurs,,,2021,2021
6193,Wouter Karthaus,wouter-karthaus-2,professeurs,,,2021,2021
6192,Maryam Kamgarpour,maryam-kamgarpour-2,professeurs,,,2021,2021
6191,Beate Jessel,beate-jessel-2,professeurs,,,2021,2021
6183,Zoë Holmes,zoe-holmes-2,professeurs,,,2021,2021
6182,Michaela Hirschmann,michaela-hirschmann-2,professeurs,,,2021,2021
6181,Victor Gorbenko,victor-gorbenko-2,professeurs,,,2021,2021
6180,Nikolas Geroliminis,nikolas-geroliminis-2,professeurs,,,2021,2021
6179,Andreas Fuster,andreas-fuster-2,professeurs,,,2021,2021
6178,Olga Fink,olga-fink-2,professeurs,,,2021,2021
6177,Drazen Dujic,drazen-dujic-2,professeurs,,,2021,2021
6176,Marcel Drabbels,marcel-drabbels-2,professeurs,,,2021,2021
6175,Hugo Dil,hugo-dil-2,professeurs,,,2021,2021
6174,Bruno Correia,bruno-correia-2,professeurs,,,2021,2021
6173,Maria Colombo,maria-colombo-2,professeurs,,,2021,2021
6171,Kyojin Choo,kyojin-choo-2,professeurs,,,2021,2021
6170,Lénaïc Chizat,lenaic-chizat-2,professeurs,,,2021,2021
6169,Alessandro Chiesa,alessandro-chiesa-2,professeurs,,,2021,2021
6168,Edouard Bugnion,edouard-bugnion-8,professeurs,,,2021,2021
6167,Oleg Boyarkine,oleg-boyarkine-2,professeurs,,,2021,2021
6166,Melanie Blokesch,melanie-blokesch-2,professeurs,,,2021,2021
6164,Ileana-Cristina Benea-Chelmus,ileana-cristina-benea-chelmus-2,professeurs,,,2021,2021
6163,David Atienza Alonso,david-atienza-alonso-2,professeurs,,,2021,2021
6161,Esther Amstad,esther-amstad-2,professeurs,,,2021,2021
6160,Haitham Al Hassanieh,haitham-al-hassanieh-2,professeurs,,,2021,2021
6158,Meret Aeppli,meret-aeppli-2,professeurs,,,2021,2021
6157,Andrea Ablasser,andrea-ablasser-5,professeurs,,,2021,2021
6156,Tiffany Abitbol,tiffany-abitbol-2,professeurs,,,2021,2021
6016,Andy Oates,andy-oates-5,doyens_facultes,,,2021,2021
6019,Paul Dyson,paul-dyson-5,doyens_facultes,,,2021,2021
6010,Gisou van der Goot,gisou-van-der-goot-8,equipe_direction,,,2021,2021
6013,Matthias Gäumann,matthias-gaumann-4,equipe_direction,,,2021,2021
6014,Ursula Oesterle,ursula-oesterle-5,equipe_direction,,,2021,2021
6011,Jan S. Hesthaven,jan-s-hesthaven-8,equipe_direction,,,2021,2021
6009,Martin Vetterli,martin-vetterli-11,president,,,2021,2021
6021,Dominique Foray,dominique-foray-7,directeurs_collegues,,,2021,2021
6017,Claudia R. Binder,claudia-r-binder-2,doyens_facultes,,,2021,2021
6020,Béla Kapossy,bela-kapossy-3,directeurs_collegues,,,2021,2021
6015,Ali H. Sayed,ali-h-sayed-5,doyens_facultes,,,2021,2021
9108,Tanja Zimmermann,tanja-zimmermann-2,professeurs,,,2022,2022
9106,Fides Zenk,fides-zenk-2,professeurs,,,2022,2022
9104,Daryl Yee,daryl-yee-2,professeurs,,,2022,2022
9102,Sebastian Waszak,sebastian-waszak-2,professeurs,,,2022,2022
9100,Pier Vittorio Aureli,pier-vittorio-aureli-2,professeurs,,,2022,2022
9098,Marie Violay,marie-violay-2,professeurs,,,2022,2022
9096,Guillermo Villanueva,guillermo-villanueva-2,professeurs,,,2022,2022
9094,Alfredo Thiermann,alfredo-thiermann-2,professeurs,,,2022,2022
9092,Li Tang,li-tang-2,professeurs,,,2022,2022
9090,Angela Steinauer,angela-steinauer-2,professeurs,,,2022,2022
9088,Martin Schrimpf,martin-schrimpf-2,professeurs,,,2022,2022
9086,David Ruggiero,david-ruggiero-2,professeurs,,,2022,2022
9084,Henrik Rønnow,henrik-ronnow-2,professeurs,,,2022,2022
9082,Guillermina Ramirez-San Juan,guillermina-ramirez-san-juan-2,professeurs,,,2022,2022
9080,Wendy Queen,wendy-queen-2,professeurs,,,2022,2022
9078,Clément Pit-Claudel,clement-pit-claudel-2,professeurs,,,2022,2022
9076,Dominique Pioletti,dominique-pioletti-2,professeurs,,,2022,2022
9074,Andreas Osterwalder,andreas-osterwalder-2,professeurs,,,2022,2022
9072,Christophe Moser,christophe-moser-2,professeurs,,,2022,2022
9070,Johann Michler,johann-michler-2,professeurs,,,2022,2022
9068,Daniele Mari,daniele-mari-2,professeurs,,,2022,2022
9066,Radoslav Marchevski,radoslav-marchevski-2,professeurs,,,2022,2022
9064,Gabriele Manoli,gabriele-manoli-2,professeurs,,,2022,2022
9062,Suliana Manley,suliana-manley-2,professeurs,,,2022,2022
9060,Zhengmao Lu,zhengmao-lu-2,professeurs,,,2022,2022
9058,Xue-Mei Li,xue-mei-li-2,professeurs,,,2022,2022
9056,Andras Kis,andras-kis-2,professeurs,,,2022,2022
9054,Gregor Jotzu,gregor-jotzu-2,professeurs,,,2022,2022
9052,Michael Herbst,michael-herbst-2,professeurs,,,2022,2022
9050,Martin Hairer,martin-hairer-2,professeurs,,,2022,2022
9048,Manuel Guizar-Sicairos,manuel-guizar-sicairos-2,professeurs,,,2022,2022
9046,Wenyu Gu,wenyu-gu-2,professeurs,,,2022,2022
9044,Laura Grigori,laura-grigori-2,professeurs,,,2022,2022
9042,Camille Goemans,camille-goemans-2,professeurs,,,2022,2022
9040,Gaétan de Rassenfosse,gaetan-de-rassenfosse-2,professeurs,,,2022,2022
9038,Elena Cogato Lanza,elena-cogato-lanza-2,professeurs,,,2022,2022
9036,Jérôme Chappellaz,professor-jerome-chappellaz-formerly-director-of-research-at-the-national-centre-for-scientific-research-cnrs-france-as-full-professor-of-environmental-engineering-environmental-observation-unde,professeurs,,,2022,2022
9034,Andrea Cavallaro,andrea-cavallaro-2,professeurs,,,2022,2022
9032,Raffaella Buonsanti,raffaella-buonsanti-2,professeurs,,,2022,2022
9030,Maria Brbic,maria-brbic-2,professeurs,,,2022,2022
9028,Sara Bonetti,sara-bonetti-2,professeurs,,,2022,2022
9026,Rizlan Bernier-Latmani,rizlan-bernier-latmani-2,professeurs,,,2022,2022
9024,Aleksandar Antanasijevic,aleksandar-antanasijevic-2,professeurs,,,2022,2022
9022,Ianina Altshuler,ianina-altshuler-2,professeurs,,,2022,2022
9020,Michaël Aklin,michael-aklin-2,professeurs,,,2022,2022
9018,Kumar Agrawal,kumar-agrawal-2,professeurs,,,2022,2022
9016,Martin Ackermann,martin-ackermann-2,professeurs,,,2022,2022
8368,Rüdiger Urbanke,rudiger-urbanke-4,doyens_facultes,,,2022,2022
8363,Françoise Bommensatt,8363,equipe_direction,,,2022,2022
8370,Rüdiger Fahlenbrach,8370,directeurs_collegues,,,2022,2022
8366,Ursula Oesterle,ursula-oesterle-8,equipe_direction,,,2022,2022
8374,Martin Vetterli,martin-vetterli-14,president,,,2022,2022
8372,Frédéric Kaplan,8372,directeurs_collegues,,,2022,2022
10247,Yanina Shkel,yanina-shkel-2,professeurs,,,2023,2023
10245,Wenzel Jakob,wenzel-jakob-2,professeurs,,,2023,2023
10243,Vasiliki Tileli,vasiliki-tileli-2,professeurs,,,2023,2023
10241,Valerio Zerbi,valerio-zerbi-2,professeurs,,,2023,2023
10239,Thomas Bourgeat,thomas-bourgeat-2,professeurs,,,2023,2023
10237,Tamar Kohn,tamar-kohn-2,professeurs,,,2023,2023
10235,Sophie Delhay,sophie-delhay-2,professeurs,,,2023,2023
10233,Sascha Feldmann,sascha-feldmann-2,professeurs,,,2023,2023
10231,Sangwoo Kim,sangwoo-kim-2,professeurs,,,2023,2023
10229,Rudolf Mahrer,rudolf-mahrer-2,professeurs,,,2023,2023
10226,Romain Fleury,romain-fleury-2,professeurs,,,2023,2023
10223,Richard Irving Anderson,richard-irving-anderson-2,professeurs,,,2023,2023
10221,Paolo Ricci,paolo-ricci-2,professeurs,,,2023,2023
10219,Paolo Perona,paolo-perona-2,professeurs,,,2023,2023
10217,Nicolas Thomä,nicolas-thoma-2,professeurs,,,2023,2023
10215,Negar Kiyavash,negar-kiyavash-5,professeurs,,,2023,2023
10213,Nako Nakatsuka,nako-nakatsuka-2,professeurs,,,2023,2023
10211,Mirko Kovac,mirko-kovac-2,professeurs,,,2023,2023
10209,Mikhail Kapralov,mikhail-kapralov-2,professeurs,,,2023,2023
10207,Martin Jaggi,martin-jaggi-2,professeurs,,,2023,2023
10205,Mahmut Selman Sakar,mahmut-selman-sakar-2,professeurs,,,2023,2023
10203,Karen Mulleners,karen-mulleners-2,professeurs,,,2023,2023
10201,João Penedones,joao-penedones-2,professeurs,,,2023,2023
10199,Jérôme Scherer,jerome-scherer-2,professeurs,,,2023,2023
10197,Jean-Philippe Brantut,jean-philippe-brantut-2,professeurs,,,2023,2023
10195,Giovanni Boero,giovanni-boero-2,professeurs,,,2023,2023
10193,Gioele La Manno,gioele-la-manno-2,professeurs,,,2023,2023
10191,Frédéric Blanc,frederic-blanc-2,professeurs,,,2023,2023
10189,Felix Naef,felix-naef-2,professeurs,,,2023,2023
10187,Fabio Nobile,fabio-nobile-2,professeurs,,,2023,2023
10185,Dimitrios Lignos,dimitrios-lignos-2,professeurs,,,2023,2023
10183,Corsin Battaglia,corsin-battaglia-2,professeurs,,,2023,2023
10181,Corentin Fivet,corentin-fivet-2,professeurs,,,2023,2023
10179,Christian Wäckerlin,christian-wackerlin-2,professeurs,,,2023,2023
10177,Charlotte Bunne,charlotte-bunne-2,professeurs,,,2023,2023
10175,Carmela Troncoso,carmela-troncoso-2,professeurs,,,2023,2023
10173,Caglar Gulcehre,caglar-gulcehre-2,professeurs,,,2023,2023
10171,Andrés Cristi,andres-cristi-2,professeurs,,,2023,2023
10169,Andrea Dunbar,andrea-dunbar-2,professeurs,,,2023,2023
10167,Andrea Cavalli,andrea-cavalli-2,professeurs,,,2023,2023
10165,Alexandre Persat,alexandre-persat-2,professeurs,,,2023,2023
